name,version,card_type,classifications,ink_color,ink_cost,inkwell,strength,willpower,keywords_abilities,lore,card_id,card_text,flavor_text,set,rarity,illustrator,release_date
Tinker Bell,Giant Fairy,Character,"Floodborn, Ally, Fairy",Steel,6,Yes,4,5,Damage Shift,2,216/204,Shift 4 (You may pay 4 to play this on top of one of your characters named Tinker Bell.),NA,The First Chapter,Enchanted,Cookie,August 18th 2023
Stitch,Carefree Surfer,Character,"Dreamborn, Alien, Hero",Amber,7,Yes,4,8,Draw,2,206/204,"OHANA When you play this character, if you have 2 or more other characters in play, you may draw 2 cards.",NA,The First Chapter,Enchanted,Milica Celikovic,August 18th 2023
Simba,Returned King,Character,"Storyborn, Hero, King",Steel,7,Yes,4,6,Challenger Evasive,2,215/204,"Challenger +4 (While challenging, this character gets +4 .)",NA,The First Chapter,Enchanted,Hedvig Häggman-Sund,August 18th 2023
Mickey Mouse,Wayward Sorcerer,Character,"Dreamborn, Sorcerer",Amethyst,4,Yes,3,4,Reduce Cost Return To Hand,2,208/204,ANIMATE BROOM You pay 1 less to play Broom characters.,NA,The First Chapter,Enchanted,Cam Kendell,August 18th 2023
Mickey Mouse,Artful Rogue,Character,"Floodborn, Hero",Emerald,7,No,6,5,Block Quest Shift,2,210/204,Shift 5 (You may pay 5 to play this on top of one of your characters named Mickey Mouse.),NA,The First Chapter,Enchanted,Kendall Hale,August 18th 2023
Maui,Hero to All,Character,"Storyborn, Deity, Hero",Ruby,5,Yes,6,5,Reckless Rush,0,212/204,Rush (This character can challenge the turn they’re played.),NA,The First Chapter,Enchanted,Pirel / Stefano Zanchi,August 18th 2023
Hades,King of Olympus,Character,"Floodborn, Deity, King, Villain",Amber,8,No,6,7,Gain Lore Shift,1,205/204,Shift 6 (You may pay 6 to play this on top of one of your characters named Hades.),NA,The First Chapter,Enchanted,Juan Diego Leon,August 18th 2023
Genie,On the Job,Character,"Storyborn, Ally",Emerald,6,No,3,4,Evasive Return To Hand,2,209/204,Evasive (Only characters with Evasive can challenge this character.),NA,The First Chapter,Enchanted,Cristian Romero,August 18th 2023
Elsa,Spirit of Winter,Character,"Floodborn, Hero, Queen, Sorcerer",Amethyst,8,No,4,6,Exert Shift,3,207/204,Shift 6 (You may pay 6 to play this on top of one of your characters named Elsa.),NA,The First Chapter,Enchanted,Matthew Robert Davies,August 18th 2023
Belle,Strange but Special,Character,"Storyborn, Princess",Sapphire,4,Yes,2,4,Gain Lore Ramp,1,214/204,"READ A BOOK During your turn, you may put an additional card from your hand into your inkwell facedown.",NA,The First Chapter,Enchanted,Valerio Buonfantino,August 18th 2023
Aurora,Dreaming Guardian,Character,"Floodborn, Hero, Princess",Sapphire,5,Yes,3,5,Shift Ward,2,213/204,Shift 3 (You may pay 3 ink to play this on top of one of your characters named Aurora.),NA,The First Chapter,Enchanted,Clio Wolfensberger,August 18th 2023
Aladdin,Heroic Outlaw,Character,"Floodborn, Hero",Ruby,7,Yes,5,5,Gain Lore Remove Lore Shift,2,211/204,Shift 5 (You may pay 5 to play this on top of one of your characters named Aladdin.),Aladdin,The First Chapter,Enchanted,Massamiliano Narciso,August 18th 2023
Mickey Mouse,Musketeer,Character,"Dreamborn, Hero, Musketeer",Steel,6,Yes,2,7,Bodyguard Support,2,11/P1,Bodyguard (This character may enter play exerted. An opposing character who challenges one of your characters must choose one with Bodyguard if able.),NA,Promo Gen Con 2023,Promo,Jochem Van Gool,August 3rd 2023
Te Kā,Heartless,Character,"Dreamborn, Deity, Villain",Steel,6,Yes,5,5,Gain Lore,2,192/204,"SEEK THE HEART During your turn, whenever this character banishes another character in a challenge, you gain 2 lore.","Maui: ""Ever defeat a lava monster?"" Moana: ""No. Have you?""",The First Chapter,Legendary,Andrew Trabbold,August 18th 2023
Starkey,Hook's Henchman,Character,"Storyborn, Ally, Pirate",Steel,5,Yes,5,4,Gain Lore,1,191/204,"AYE AYE CAPTAIN While you have a Captain character in play, this character gets +1 .","A pirate must be tough, loyal, and strong. ""Smart"" doesn't even make the list.",The First Chapter,Uncommon,Leonardo Giammichele,August 18th 2023
Gramma Tala,Storyteller,Character,"Storyborn, Mentor",Sapphire,2,Yes,1,1,Ramp,1,146/204,"I WILL BE WITH YOU When this character is banished, you may put this card into your inkwell facedown and exerted.","Moana: ""Is there something you want to tell me?"" Gramma Tala: ""Is there something you want to hear?""",The First Chapter,Uncommon,Filipe Laurentino,August 18th 2023
Plasma Blaster,NA,Item,Item,Steel,3,No,NA,NA,Damage,NA,204/204,"QUICK SHOT , 2 – Deal 1 damage to chosen character.","""You don't have to say 'pew pew' when you use it, but it doesn't hurt."" - Lilo, galactic hero",The First Chapter,Rare,Oleg Yurkov,August 18th 2023
Ransack,NA,Action,Action,Steel,2,Yes,NA,NA,Draw,NA,199/204,"Draw 2 cards, then choose and discard 2 cards.",Who has time to read labels?,The First Chapter,Uncommon,Amber Kommavongsa,August 18th 2023
Simba,Rightful Heir,Character,"Storyborn, Hero, Prince",Steel,5,No,3,5,Gain Lore,2,190/204,"I KNOW WHAT I HAVE TO DO During your turn, whenever this character banishes another character in a challenge, you gain 1 lore.","""I can't hide anymore. It's time to accept my destiny.""",The First Chapter,Uncommon,Cookie,August 18th 2023
Donald Duck,Musketeer,Character,"Dreamborn, Hero, Musketeer",Steel,4,Yes,2,5,Bodyguard Evasive,1,177/204,Bodyguard (This character may enter play exerted. An opposing character who challenges one of your characters must choose one with Bodyguard if able.),NA,The First Chapter,Uncommon,Dav Augereau,August 18th 2023
Magic Golden Flower,NA,Item,Item,Sapphire,1,Yes,NA,NA,Heal,NA,169/204,HEALING POLLEN Banish this item – Remove up to 3 damage from chosen character.,"""Once upon a time, a single drop of sunlight fell from the heavens...."" - Flynn Rider",The First Chapter,Common,Cory Godbey,August 18th 2023
Fishbone Quill,NA,Item,Item,Sapphire,3,Yes,NA,NA,Ramp,NA,168/204,GO AHEAD AND SIGN – Put any card from your hand into your inkwell facedown.,"""If you want to cross the bridge, my sweet, you've got to pay the toll."" - Ursula",The First Chapter,Rare,Tanisha Cherislin,August 18th 2023
Eye of the Fates,NA,Item,Item,Sapphire,4,Yes,NA,NA,Gain Lore,NA,167/204,SEE THE FUTURE – Chosen character gets +1 this turn.,You can change the future once you know what you're looking at.,The First Chapter,Uncommon,Ron Baird,August 18th 2023
Tamatoa,So Shiny!,Character,"Storyborn, Villain",Sapphire,8,Yes,5,8,Gain Lore Return From Discard,1,159/204,"WHAT HAVE WE HERE? When you play this character and whenever he quests, you may return an item card from your discard to your hand.",NA,The First Chapter,Super Rare,Leonardo Giammichele,August 18th 2023
Philoctetes,Trainer of Heroes,Character,"Storyborn, Mentor",Sapphire,2,Yes,3,1,Support,1,156/204,"Support (Whenever this character quests, you may add their to another chosen character’s this turn.)","""Ya gotta be the best to train the best. And I train the best!""",The First Chapter,Common,Leonardo Giammichele,August 18th 2023
Mufasa,King of the Pride Lands,Character,"Storyborn, King, Mentor",Sapphire,6,Yes,4,6,None,3,155/204,NA,"""A king must care for all of the creatures in his kingdom, no matter their size.""",The First Chapter,Common,Luis Huerta,August 18th 2023
Shield Of Virtue,NA,Item,Item,Ruby,1,Yes,NA,NA,Block Quest Ready,NA,135/204,"FIREPROOF , 3 – Ready chosen character. They can’t quest for the rest of this turn.","""Arm thyself with this enchanted Shield of Virtue and this mighty Sword of Truth, for these weapons of righteousness will triumph over evil."" - Flora",The First Chapter,Uncommon,Eri Welli,August 18th 2023
Te Kā,The Burning One,Character,"Storyborn, Deity, Villain",Ruby,6,No,8,6,Reckless,0,126/204,Reckless (This character can’t quest and must challenge each turn if able.),She burns for that which was stolen from her.,The First Chapter,Super Rare,Kamil Murzyn,August 18th 2023
Stitch,Abomination,Character,"Storyborn, Alien, Hero",Ruby,6,Yes,4,6,None,3,125/204,NA,"""His destructive programming is taking effect. He will be irresistibly drawn to large cities, where he will back up sewers, reverse street signs, and steal everyone's left shoe."" - Jumba Jookiba",The First Chapter,Rare,Bill Robinson,August 18th 2023
Peter Pan,Fearless Fighter,Character,"Storyborn, Hero",Ruby,3,No,3,2,Rush,1,119/204,Rush (This character can challenge the turn they’re played.),"""Nobody calls Pan a coward and lives! I'll fight you man-to-man, with one hand behind my back.""",The First Chapter,Common,Anh Dang,August 18th 2023
Moana,Chosen by the Ocean,Character,"Storyborn, Hero, Princess",Ruby,5,Yes,2,6,Banish,2,117/204,"THIS IS NOT WHO YOU When you play this character, you may banish chosen character called Te Kā.","""You know who you are.""",The First Chapter,Uncommon,Tanisha Cherislin,August 18th 2023
Maui,Hero to All,Character,"Storyborn, Deity, Hero",Ruby,5,Yes,6,5,Reckless Rush,0,114/204,Rush (This character can challenge the turn they’re played.),"""What I believe you were trying to say is 'Thank You.'""",The First Chapter,Rare,Pirel / Marco Giorgianni,August 18th 2023
Captain,Colonel's Lieutenant,Character,"Storyborn, Ally, Captain",Ruby,5,Yes,6,5,None,1,106/204,NA,"""Barking signal. It's an alert. Report to the Colonel at once!""",The First Chapter,Uncommon,Brian Weisz,August 18th 2023
Dr. Facilier's Cards,NA,Item,Item,Emerald,2,No,NA,NA,Reduce Cost,NA,101/204,THE CARDS WILL TELL – You pay 1 less for the next action you play this turn.,"""Take a little trip into your future with me!"" - Dr. Facilier",The First Chapter,Uncommon,Koni,August 18th 2023
Steal From The Rich,NA,Action,Action,Emerald,5,No,NA,NA,Remove Lore,NA,97/204,"Whenever one of your characters quests this turn, each opponent loses 1 lore.","""Wonder how much ol' Prince John spent on all those fancy locks."" - Little John",The First Chapter,Rare,Hedvig Häggman-Sund,August 18th 2023
Tamatoa,Drab Little Crab,Character,Dreamborn,Emerald,2,Yes,1,4,None,1,92/204,NA,"""Someday, I'll grow up to be the most crabulous crustacean the world has ever seen!""",The First Chapter,Uncommon,Jeff Murchie,August 18th 2023
Mad Hatter,Gracious Host,Character,Storyborn,Emerald,5,Yes,2,4,Draw,3,86/204,"TEA PARTY Whenever this character is challenged, you may draw a card.","Mad Hatter: "" Would you like a little more tea?"" Alice: ""I haven't had any yet, so I can't very well take more.""",The First Chapter,Uncommon,Rosa la Barbera,August 18th 2023
Genie,Powers Unleashed,Character,"Floodborn, Hero",Emerald,8,No,3,5,Evasive Shift,3,76/204,Shift 6 (You may pay 6 to play this on top of one of your characters named Genie.),NA,The First Chapter,Rare,Javier Salas,August 18th 2023
Ursula,Power Hungry,Character,"Storyborn, Sorcerer, Villain",Amethyst,7,No,2,8,Draw Remove Lore,3,59/204,"IT’S TOO EASY! When you play this character, each opponent loses 1 lore. You may draw a card for each 1 lore lost this way.","The first Rule of Villainy: If you're going to be evil, you've got to have style.",The First Chapter,Legendary,Simangaliso Sibaya,August 18th 2023
Dr. Facilier,Remarkable Gentleman,Character,"Storyborn, Sorcerer, Villain",Amethyst,3,Yes,2,4,Look At Top X Scry,1,39/204,"DREAMS MADE REAL Whenever you play a song, you may look at the top 2 cards of your deck. Put one on the top of your deck and the other on the bottom.",NA,The First Chapter,Rare,Cam Kendall,August 18th 2023
Dr. Facilier,Agent Provocateur,Character,"Floodborn, Sorcerer, Villain",Amethyst,7,No,4,5,Return To Hand Shift,3,37/204,"Shift 5 (You may pay 5 to play this on top of one of your characters named Dr, Facilier.)",NA,The First Chapter,Rare,Isaiah Mesq,August 18th 2023
You Have Forgotten Me,NA,Action,Action,Amber,4,Yes,NA,NA,Discard,NA,31/204,Each opponent chooses and discards 2 cards.,"""You are more than what you have become."" - Mufasa",The First Chapter,Uncommon,Alice Pisoni,August 18th 2023
Pumbaa,Friendly Warthog,Character,"Storyborn, Ally",Amber,4,Yes,3,5,None,1,17/204,NA,"""You gotta put your behind in your past.""",The First Chapter,Common,Jenna Gray,August 18th 2023
Mr. Smee,Loyal First Mate,Character,"Dreamborn, Ally, Pirate",Amber,3,Yes,2,5,None,1,15/204,NA,NA,The First Chapter,Common,Kamil Murzyn / Eri Welli,August 18th 2023
Tinker Bell,Most Helpful,Character,"Storyborn, Ally, Fairy",Emerald,4,Yes,2,3,Evasive,2,93/204,Evasive (Only characters with Evasive can challenge this character.),NA,The First Chapter,Common,Caner Soylu,August 18th 2023
Freeze,NA,Action,Action,Amethyst,2,No,NA,NA,Exert,NA,63/204,Exert chosen opposing character.,It's time for you to chill.,The First Chapter,Common,Cristian Romero,August 18th 2023
Cinderella,Gentle and Kind,Character,"Storyborn, Hero, Princess",Amber,4,Yes,2,5,Heal Singer,2,3/204,Singer 5 (This character counts as cost 5 to sing songs.),NA,The First Chapter,Uncommon,Javier Salas,August 18th 2023
Jasmine,Queen of Agrabah,Character,"Floodborn, Hero, Princess, Queen",Sapphire,5,Yes,2,5,Heal Shift,2,149/204,Shift 3 (You may pay 3 to play this on top of one of your characters named Jasmine.),NA,The First Chapter,Rare,Filipe Laurentino,August 18th 2023
Work Together,NA,Action,Action,Sapphire,1,Yes,NA,NA,Support,NA,165/204,"Chosen character gains Support this turn. (Whenever they quest, you may add their to another chosen character’s this turn.)","Pacha: ""Put your whole back into it!"" Kuzco: ""This is my whole back!""",The First Chapter,Common,Bill Robinson,August 18th 2023
Sudden Chill,NA,"Action, Song","Action, Song",Emerald,2,Yes,NA,NA,Discard,NA,98/204,(A character with cost 2 or more can to sing this song for free.),"Cruella De Vil, Cruella De Vil If she doesn't scare you, no evil thing will",The First Chapter,Common,Giulia Riva,August 18th 2023
Sword of Truth,NA,Item,Item,Ruby,4,No,NA,NA,Banish,NA,136/204,FINAL ENCHANTMENT Banish this item – Banish chosen Villain character.,Almost as powerful as True Love's Kiss.,The First Chapter,Rare,Andrew Trabbold,August 18th 2023
Lefou,Instigator,Character,"Dreamborn, Ally",Ruby,2,Yes,2,2,Ready,1,112/204,"FAN THE FLAMES When you play this character, ready chosen character. They can’t quest for the rest of this turn.",All a mob needs is a push in the wrong direction.,The First Chapter,Rare,Gaku Kumatori,August 18th 2023
Cut To The Chase,NA,Action,Action,Ruby,2,Yes,NA,NA,Rush,NA,129/204,Chosen character gains Rush this turn. (They can challenge the turn they’ve played.),"""Surprise!""",The First Chapter,Uncommon,Ellie Horie,August 18th 2023
He's Got A Sword!,NA,Action,Action,Ruby,1,Yes,NA,NA,Support,NA,132/204,Chosen character gets +2 this turn.,"""We've all got swords!"" - Razoul",The First Chapter,Common,Koni,August 18th 2023
Tangle,NA,Action,Action,Ruby,2,Yes,NA,NA,Remove Lore,NA,133/204,Each opponent loses 1 lore.,"""Stay right there! I mean, you don't have a choice, I guess. But still! Don't move!"" - Rapunzel",The First Chapter,Common,Eri Welli,August 18th 2023
Belle,Strange but Special,Character,"Storyborn, Hero, Princess",Sapphire,4,Yes,2,4,Gain Lore Ramp,1,142/204,"READ A BOOK During your turn, you may put an additional card from your hand into your inkwell facedown.","""Far-off places, daring sword fights, magic spells, a prince in disguise...""",The First Chapter,Legendary,Alice Pisoni,August 18th 2023
Mother Gothel,Selfish Manipulator,Character,"Storyborn, Villain",Emerald,6,Yes,3,6,Unknown,2,90/204,"SKIP THE DRAMA, STAY WITH MAMA While this character is exerted, opposing characters can’t quest.","""Great. Now I'm the bad guy.""",The First Chapter,Super Rare,Javier Salas,August 18th 2023
Captain Hook,Ruthless Pirate,Character,"Storyborn, Captain, Pirate, Villain",Ruby,7,No,5,5,Rush,2,107/204,Rush (This character can challenge the turn they’re played.),"""You wouldn't dare fight old man Hook man-to-man!""",The First Chapter,Rare,Cam Kendall,August 18th 2023
Ursula's Cauldron,NA,Item,Item,Amethyst,2,No,NA,NA,Look At Top X Scry,NA,67/204,PEER INTO THE DEPTHS – Look at the top 2 cards of your deck. Put one on the top of your deck and the other on the bottom.,Perfect for mixing potions and stealing voices.,The First Chapter,Uncommon,Oleg Yurkov,August 18th 2023
Poisoned Apple,NA,Item,Item,Ruby,3,No,NA,NA,Banish Exert,NA,134/204,"TAKE A BITE… 1 , Banish this item – Exert chosen character. If a Princess character is chosen, banish her instead.","""One taste of the poisoned apple, and the victim's eyes will close forever...."" - The Queen",The First Chapter,Rare,Andrew Trabbold,August 18th 2023
Jafar,Keeper of Secrets,Character,"Dreamborn, Sorcerer, Villain",Amethyst,4,Yes,NA,5,Support,2,44/204,HIDDEN WONDERS This character gets +1 for each card in your hand.,There's more than one way to bury secrets.,The First Chapter,Rare,Marcel Berg,August 18th 2023
Chief Tui,Respected Leader,Character,"Storyborn, King, Mentor",Sapphire,7,Yes,3,6,Support,3,143/204,"Support (Whenever this character quests, you may add their to another chosen character’s this turn.)","""You can always rely on the strength of those who love you.""",The First Chapter,Uncommon,Pirel,August 18th 2023
Hades,Infernal Schemer,Character,"Dreamborn, Deity, Villain",Sapphire,7,No,3,6,Unknown,2,147/204,"IS THERE A DOWNSIDE TO THIS? When you play this character, you may put chosen opposing character into their player’s inkwell facedown.","""He's gotta have a weakness, because everybody's got a weakness.""",The First Chapter,Legendary,Matthew Robert Davies,August 18th 2023
Aladdin,Cornered Swordsman,Character,"Storyborn, Hero",Steel,2,Yes,2,1,None,2,171/204,NA,"""Oh ho! So the street rat found a sword and a backbone!"" - Razoul",The First Chapter,Common,Randy Bishop,August 18th 2023
Elsa,Ice Surfer,Character,"Dreamborn, Hero, Queen, Sorcerer",Ruby,4,Yes,3,4,Ready,1,109/204,"THAT’S NO BLIZZARD Whenever you play a character named Anna, ready this character. This character can’t quest for the rest of the turn.","""My sister has always been there for me. I need to be there for her.""",The First Chapter,Common,Alice Pisoni / Whitney Pollett,August 18th 2023
Tinker Bell,Peter Pan's Ally,Character,"Storyborn, Ally, Fairy",Amethyst,5,No,3,3,Challenger Evasive,2,58/204,Evasive (Only characters with Evasive can challenge this character.),NA,The First Chapter,Common,Adrianne Gumaya,August 18th 2023
Jasper,Common Crook,Character,"Storyborn, Ally",Emerald,3,Yes,2,4,Unknown,1,81/204,"PUPPYNAPPING Whenever this character quests, chosen opposing character can’t quest during their next turn.","""Now, look here, Horace, I warned you about thinkin'.""",The First Chapter,Uncommon,Jochem Van Gool,August 18th 2023
Horace,No-Good Scoundrel,Character,"Storyborn, Ally",Emerald,3,Yes,4,3,None,1,79/204,NA,"""Well, they ain't in here, Jasper.""",The First Chapter,Common,Isaiah Mesq,August 18th 2023
Captain Hook,Thinking A Happy Thought,Character,"Floodborn, Captain, Pirate, Villain",Steel,5,No,2,5,Challenger Shift,1,175/204,Shift 3 (You may pay 3 to play this on top of one of your characters named Captain Hook.),NA,The First Chapter,Rare,Elliot Bocxtaele,August 18th 2023
John Silver,Alien Pirate,Character,"Storyborn, Alien, Captain, Pirate, Villain",Emerald,6,Yes,5,5,Reckless,2,82/204,"PICK YOUR FIGHTS When you play this character and whenever he quests, chosen opposing character gains Reckless during their next turn. (They can’t quest and must challenge if able.)","""Don't be too put off by this... hunk of hardware.""",The First Chapter,Legendary,Duyen Nguyen / Jared Nickerl,August 18th 2023
Scar,Shameless Firebrand,Character,"Floodborn, King, Villain",Ruby,8,No,6,6,Ready Shift,1,123/204,Shift 6 (You may pay 6 to play this on top of one of your characters named Scar.),"""The time has come to take what is ours!""",The First Chapter,Rare,Jenna Gray,August 18th 2023
Abu,Mischievous Monkey,Character,"Storyborn, Ally",Ruby,3,Yes,3,2,None,2,103/204,NA,"""Someday, Abu, things are gonna change. We'll be rich, live in a palace, and never have any problems at all."" - Aladdin",The First Chapter,Common,Oleg Yurkov,August 18th 2023
Genie,The Ever Impressive,Character,"Dreamborn, Ally",Emerald,2,Yes,2,3,None,1,77/204,NA,"""You can wish for nearly anything! Do you want the short version, or should I give you the whole song and dance?""",The First Chapter,Common,Matt Chapman,August 18th 2023
Megara,Pulling the Strings,Character,"Dreamborn, Ally",Emerald,2,Yes,2,1,Support,1,87/204,"WONDER BOY When you play this character, chosen character gets +2 this turn.","""A deal's a deal. But falling in love was never supposed to be part of it.""",The First Chapter,Common,Aubrey Archer,August 18th 2023
Rapunzel,Gifted with Healing,Character,"Storyborn, Hero, Princess",Amber,4,Yes,1,5,Heal,2,18/204,"GLEAM AND GLOW When you play this character, remove up to 3 damage from one of your characters. Draw a card for each 1 damage removed this way.",NA,The First Chapter,Legendary,Jochem Van Gool,August 18th 2023
Maximus,Palace Horse,Character,"Storyborn, Ally",Amber,5,Yes,4,5,Unknown,1,10/204,Bodyguard (This character may enter play exerted. An opposing character who challenges one of your characters must choose one with Bodyguard if able.),NA,The First Chapter,Super Rare,Brian Weisz,August 18th 2023
Flynn Rider,Charming Rogue,Character,"Storyborn, Hero, Prince",Emerald,2,Yes,1,2,Discard,2,74/204,"HERE COMES THE SMOLDER Whenever this character is challenged, the challenging player chooses and discards a card.","""I didn't want to have to do this, but you leave me no choice....""",The First Chapter,Uncommon,Leonardo Giammichele,August 18th 2023
Do It Again!,NA,Action,Action,Emerald,3,No,NA,NA,Return From Discard,NA,94/204,Return an action card from your discard to your hand.,"""...Then scrub the terrace, sweep the halls and the stairs, clean the chimneys. And of course there's the mending, and the sewing, and the laundry..."" - Lady Tremaine",The First Chapter,Rare,Ellie Horie,August 18th 2023
Mickey Mouse,Artful Rogue,Character,"Floodborn, Hero",Emerald,4,No,6,5,Block Quest Shift,2,88/204,Shift 5 (You may pay 5 to play this on top of one of your characters named Mickey Mouse.),"Quiet as a... well, you know.",The First Chapter,Super Rare,Alex Accorsi / Kendall Hale,August 18th 2023
Stolen Scimitar,NA,Item,Item,Emerald,2,Yes,NA,NA,Support,NA,102/204,"SLASH – Chosen character gets +1 this turn. If a character named Aladdin is chosen, he gets +2 instead.",Sometimes you've got to take what you can get.,The First Chapter,Common,Kendall Hale,August 18th 2023
Hans,Thirteenth in Line,Character,"Storyborn, Prince, Villain",Steel,4,Yes,3,3,Damage,2,180/204,"STAGE A LITTLE ACCIDENT Whenever this character quests, you may deal 1 damage to chosen character.","Tired of being last, he decided to cut the line.",The First Chapter,Super Rare,Kendall Hale,August 18th 2023
Hans,Scheming Prince,Character,"Storyborn, Prince, Villain",Emerald,4,Yes,3,3,None,3,78/204,NA,"""Rules are like older siblings. All they do is get in the way.""",The First Chapter,Rare,Massimiliano Narciso,August 18th 2023
Marshmallow,Persistent Guardian,Character,"Storyborn, Ally",Amethyst,6,No,5,5,Return From Discard,1,50/204,"DURABLE When this character is banished in a challenge, you may return this card to your hand.","""Hey! We were just talking about you! All good things, all good things."" - Olaf",The First Chapter,Super Rare,Kendall Hale / Anh Dang,August 18th 2023
Scepter Of Arendelle,NA,Item,Item,Sapphire,1,Yes,NA,NA,Support,NA,170/204,"COMMAND – Chosen character gains Support this turn. (Whenever they quest, you may add their to another chosen character’s this turn.)",NA,The First Chapter,Uncommon,Grace Tran,August 18th 2023
Vicious Betrayal,NA,Action,Action,Emerald,1,Yes,NA,NA,Support,NA,100/204,"Chosen character gets +2 this turn. If a Villain character is chosen, they get +3 instead.","""A true king takes into his own claws."" - Scar",The First Chapter,Common,Michaela Martin,August 18th 2023
Stampede,NA,Action,Action,Emerald,1,No,NA,NA,Damage,NA,96/204,Deal 2 damage to chosen damaged character.,A wildebeest stampede is like a raging river: best experienced from a distance.,The First Chapter,Common,Matt Chapman,August 18th 2023
Mother Knows Best,NA,"Action, Song","Action, Song",Emerald,3,No,NA,NA,Return To Hand,NA,95/204,(A character with cost 3 or more can to sing this song for free.),"One way or another Something will go wrong, I swear",The First Chapter,Uncommon,R. La Barbera / L. Giammichele,August 18th 2023
Be Prepared,NA,"Action, Song","Action, Song",Ruby,7,No,NA,NA,Banish Board Wipe,NA,128/204,(A character with cost 7 or more can to sing this song for free.),Our teeth and ambitions are bared!,The First Chapter,Rare,Jared Nickerl,August 18th 2023
Reflection,NA,"Action, Song","Action, Song",Amethyst,1,Yes,NA,NA,Scry,NA,65/204,(A character with cost 1 or more can to sing this song for free.),When will my reflection show Who I am inside?,The First Chapter,Uncommon,Kevin Hong,August 18th 2023
A Whole New World,NA,"Action, Song","Action, Song",Steel,5,No,NA,NA,Draw,NA,195/204,(A character with cost 5 or more can to sing this song for free.),"Shining, shimmering, splendid...",The First Chapter,Super Rare,Koni,August 18th 2023
Duke Of Weselton,Opportunistic Official,Character,"Storyborn, Villain",Emerald,1,Yes,2,2,None,1,73/204,NA,"""Sorcery! I knew there was something dubious going on here.""",The First Chapter,Common,R. La Barbera / L. Giammichele,August 18th 2023
Musketeer Tabard,NA,Item,Item,Steel,4,No,NA,NA,Draw,NA,203/204,"ALL FOR ONE AND ONE FOR ALL Whenever one of your characters with Bodyguard is banished, you may draw a card.",There's no such thing as a lone musketeer.,The First Chapter,Rare,Dav Augereau,August 18th 2023
Prince Phillip,Dragonslayer,Character,"Storyborn, Hero, Prince",Amber,4,No,3,3,Banish,2,16/204,"HEROISM When this character challenges and is banished, you may banish the challenged character.","""The road to true love may be barred by still many more dangers, which you alone will have to face."" - Flora",The First Chapter,Uncommon,Philipp Kruse,August 18th 2023
Maleficent,Uninvited,Character,"Dreamborn, Sorcerer, Villain",Sapphire,5,Yes,3,6,None,3,151/204,NA,She had no invitation - and needed no introduction.,The First Chapter,Rare,Gaku Kumatori,August 18th 2023
Aladdin,Street Rat,Character,"Storyborn, Hero",Ruby,3,Yes,2,2,Remove Lore,1,105/204,"I’LL THINK OF SOMETHING When you play this character, each opponent loses 1 lore.","It can be hard to tell the difference between a diamond in the rough and someone who's just, well, rough.",The First Chapter,Common,Peter Brockhammer,August 18th 2023
Minnie Mouse,Always Classy,Character,"Storyborn, Hero",Ruby,1,Yes,1,3,None,1,116/204,NA,Her fashion sense is always spot on.,The First Chapter,Common,Kenneth Anderson,August 18th 2023
Fan The Flames,NA,Action,Action,Ruby,1,Yes,NA,NA,Ready,NA,131/204,Ready chosen character. They can’t quest for the rest of this turn.,"Pretty words can move a crowd, but so can ugly ones.",The First Chapter,Uncommon,Jenna Gray,August 18th 2023
If It's Not Baroque,NA,Action,Action,Sapphire,3,No,NA,NA,Return From Discard,NA,162/204,Return an item card from your discard to your hand.,"""...Don't fix it""",The First Chapter,Rare,Kenneth Anderson,August 18th 2023
Break,NA,Action,Action,Steel,2,Yes,NA,NA,Unknown,NA,196/204,Banish chosen item.,No one throws a tantrum like a beast.,The First Chapter,Common,Grace Tran,August 18th 2023
Ursula's Shell Necklace,NA,Item,Item,Amber,3,No,NA,NA,Draw,NA,34/204,"NOW, SING! Whenever you play a song, you may pay 1 to draw a card.","""Singing is a lovely pastime...if you've got the voice for it."" - Ursula",The First Chapter,Rare,Jenna Gray,August 18th 2023
Sebastian,Court Composer,Character,"Storyborn, Ally",Amber,2,Yes,2,2,Singer,1,19/204,Singer 4 (This character counts as cost 4 to sing songs.),"""I should be writing symphonies, not tagging along after some headstrong teenager.""",The First Chapter,Common,Isaiah Mesq,August 18th 2023
Ariel,Spectacular Singer,Character,"Storyborn, Hero, Princess",Amber,3,Yes,2,3,Draw Look At Top X Singer,1,2/204,Singer 5 (This character counts as cost 5 to sing songs.),NA,The First Chapter,Super Rare,Alice Pisoni,August 18th 2023
Anna,Heir to Arendelle,Character,"Storyborn, Hero, Queen",Amethyst,4,Yes,2,4,Unknown,2,35/204,"LOVING HEART When you play this character, if you have a character named Elsa in play, choose an opposing character. The chosen character doesn’t ready at the start of their turn.","""Two sisters, one mind.""",The First Chapter,Uncommon,Valerio Buonfantino,August 18th 2023
Gaston,Arrogant Hunter,Character,"Storyborn, Villain",Ruby,2,Yes,4,2,Reckless,0,110/204,Reckless (This character can’t quest and must challenge each turn if able.),It's not arrogance when you really are the best.,The First Chapter,Common,Matthew Robert Davies,August 18th 2023
Triton,The Sea King,Character,"Storyborn, King",Sapphire,7,Yes,5,9,None,2,160/204,NA,"""Isn't 'Because I said so' enough of a reason?""",The First Chapter,Uncommon,Christian Romero,August 18th 2023
Grab Your Sword,NA,"Action, Song","Action, Song",Steel,5,No,NA,NA,Damage,NA,198/204,(A character with cost 5 or more can to sing this song for free.),"We don't like What we don't understand In fact, it scares us",The First Chapter,Rare,Peter Brockhammer,August 18th 2023
Jetsam,Ursula's Spy,Character,"Storyborn, Ally",Amethyst,4,Yes,3,3,Evasive,1,46/204,Evasive (Only characters with Evasive can challenge this character.),"""We can help you get anything you want...""",The First Chapter,Common,Brian Weisz,August 18th 2023
Flotsam,Ursula's Spy,Character,"Storyborn, Ally",Amethyst,5,No,3,4,Rush,2,43/204,Rush (This character can challenge the turn they’re played.),"""We know someone who can help you... for a price.""",The First Chapter,Rare,Luis Huerta,August 18th 2023
Lilo,Makes A Wish,Character,"Storyborn, Hero",Amber,1,No,1,1,None,2,9/204,NA,"""A falling star! I call it! Get out, get out! I have to make a wish!""",The First Chapter,Rare,Dave Beauchene,August 18th 2023
Kronk,Right-Hand Man,Character,"Storyborn, Ally",Steel,6,Yes,6,6,None,2,183/204,NA,"""Oh yeah. It's all coming together!""",The First Chapter,Uncommon,Jake Parker,August 18th 2023
Simba,Protective Cub,Character,"Storyborn, Hero, Prince",Amber,2,Yes,2,3,Bodyguard,1,20/204,Bodyguard (This character may enter play exerted. An opposing character who challenges one of your characters must choose one with Bodyguard if able.),Courage comes in all sizes.,The First Chapter,Common,Filipe Laurentino,August 18th 2023
Befuddle,NA,Action,Action,Amethyst,1,Yes,NA,NA,Return To Hand,NA,62/204,Return a character or item with cost 2 or less to their player’s hand.,Never be afraid to have your mind boggled now and then.,The First Chapter,Uncommon,Kendall Hale,August 18th 2023
Merlin,Self-Appointed Mentor,Character,"Dreamborn, Mentor, Sorcerer",Sapphire,4,Yes,3,4,Support,1,153/204,"Support (Whenever this character quests, you may add their to chosen character’s this turn.)","""What a mess! What a medieval muddle! We'll have to modernize it.""",The First Chapter,Common,Dave Beauchene,August 18th 2023
Donald Duck,Strutting His Stuff,Character,"Dreamborn, Hero, Inventor",Sapphire,5,Yes,4,3,Ward,2,144/204,Ward (Opponents can’t choose this character except to challenge.),"Walk smarter, not harder.",The First Chapter,Common,Cam Kendall,August 18th 2023
Zeus,God of Lightning,Character,"Storyborn, Deity",Amethyst,4,No,NA,4,Challenger Rush,2,61/204,Rush (This character can challenge the turn they’re played.),"""A little lightning solves a whole lot of problems.""",The First Chapter,Rare,Koni,August 18th 2023
Simba,Future King,Character,"Storyborn, Hero, Prince",Steel,1,Yes,1,2,Draw,1,188/204,"GUESS WHAT? When you play this character, you may draw a card, then choose and discard a card.","""I'm gonna be the best king the Pride Lands have ever seen!""",The First Chapter,Common,Nicholas Kole,August 18th 2023
Peter Pan,Never Landing,Character,"Dreamborn, Hero",Emerald,3,Yes,3,2,Evasive,1,91/204,Evasive (Only characters with Evasive can challenge this character.),"""What's the matter, Hook? Can't you fly?",The First Chapter,Common,Koni,August 18th 2023
Maui,Demigod,Character,"Storyborn, Deity, Hero",Steel,8,Yes,8,8,Unknown,3,185/204,NA,"When the gods gift you a boat, you take it. The boat's owner is optional.",The First Chapter,Rare,Isaiah Mesq,August 18th 2023
Rapunzel,Letting Down Her Hair,Character,"Dreamborn, Hero, Princess",Ruby,6,No,5,4,Unknown,2,121/204,"TANGLE When you play this character, each opponent loses 1 lore.","""Who are you? And how did you find me?""",The First Chapter,Uncommon,Clio Wolfensberger,August 18th 2023
Sven,Official Ice Deliverer,Character,"Storyborn, Ally",Amethyst,6,Yes,5,7,Unknown,1,55/204,NA,"""Reindeer comin' through!"" - Kristoff",The First Chapter,Uncommon,Jared Nickerl,August 18th 2023
Goofy,Musketeer,Character,"Dreamborn, Hero, Musketeer",Amber,5,Yes,3,6,Bodyguard Heal,1,4/204,Bodyguard (This character may enter play exerted. An opposing character who challenges one of your characters must choose one with Bodyguard if able.),"""En gawrsh!""",The First Chapter,Uncommon,Jochem Van Gool,August 18th 2023
Goofy,Musketeer,Character,"Dreamborn, Hero, Musketeer",Amber,5,Yes,3,6,Bodyguard Heal,1,12/P1,Bodyguard (This character may enter play exerted. An opposing character who challenges one of your characters must choose one with Bodyguard if able.),"""En gawrsh!""",Promo gamescom 2023,Promo,Jochem Van Gool,August 23rd 2023
Archimedes,Highly Educated Owl,Character,"Dreamborn, Ally",Amethyst,1,Yes,2,2,Unknown,1,36/204,NA,"""Flying is not merely some crude, mechanical process. It is a delicate art. Purely aesthetic. Poetry of motion. And the best way to learn it is to do it!""",The First Chapter,Common,Kendall Hale,August 18th 2023
Rafiki,Mysterious Sage,Character,"Dreamborn, Mentor, Sorcerer",Amethyst,3,No,3,3,Rush,1,54/204,Rush (This character can challenge on the turn they’re played.),"""The past can hurt. But the way I see it, you can either run from it or learn from it.""",The First Chapter,Uncommon,Giulia Riva,August 18th 2023
Beast,Wolfsbane,Character,"Dreamborn, Hero, Prince",Emerald,5,No,4,4,Exert Rush,2,70/204,Rush (This character can challenge on the turn they’re played.),"""I'll take on all of you if I have to.""",The First Chapter,Legendary,Jeff Murchie,August 18th 2023
Genie,On the Job,Character,"Storyborn, Ally",Emerald,6,No,3,4,Evasive Return To Hand,2,75/204,Evasive (Only characters with Evasive can challenge this character.),"""Can your friends go 'Abracabra, let 'er rip' and then make the sucker disappear?""",The First Chapter,Super Rare,Giulia Riva,August 18th 2023
Cerberus,Three-Headed Dog,Character,Storyborn,Steel,5,Yes,5,6,None,1,176/204,NA,Always vigilant. Always fierce. Always fighting over the ball.,The First Chapter,Common,Oleg Yurkov,August 18th 2023
Timon,Grub Rustler,Character,"Storyborn, Ally",Amber,1,Yes,1,2,Heal,1,24/204,"TASTES LIKE CHICKEN When you play this character, you may remove up to 1 damage from chosen character.","""There's all manner of tasty treats in the world - ya just gotta know where to look.""",The First Chapter,Common,Juan Diego Leon,August 18th 2023
Iago,Loud-Mouthed Parrot,Character,"Storyborn, Ally",Emerald,3,Yes,1,4,Reckless,1,80/204,YOU GOT A PROBLEM? – Chosen character gains Reckless during their turn. (They can’t quest and must challenge if able.),NA,The First Chapter,Rare,Brian Weisz,August 18th 2023
Sergeant Tibbs,Courageous Cat,Character,"Storyborn, Ally",Ruby,1,Yes,2,2,None,1,124/204,NA,"""Yes, sir. Righto, sir. Right away, sir!""",The First Chapter,Common,Corey Godbey,August 18th 2023
Pongo,Ol' Rascal,Character,"Storyborn, Hero",Ruby,4,Yes,2,3,Evasive,2,120/204,Evasive (Only characters with Evasive can challenge this character.),"""At first I had no particular plan, just anything to attract attention. You know, stir things up a bit.""",The First Chapter,Common,Brian Weisz,August 18th 2023
Lilo,Galactic Hero,Character,"Dreamborn, Hero",Steel,3,Yes,4,2,None,2,184/204,NA,"""Space. That's where aliens come from. And also tourists!""",The First Chapter,Uncommon,Jared Nickerl,August 18th 2023
Kuzco,Temperamental Emperor,Character,"Storyborn, King",Emerald,5,No,2,4,Banish Ward,3,84/204,Ward (Opponents can’t choose this character except to challenge.),"""I asked for emerald and this is clearly jade! What is wrong with you people!""",The First Chapter,Rare,Grace Tran,August 18th 2023
Hakuna Matata,NA,"Action, Song","Action, Song",Amber,4,Yes,NA,NA,Heal,NA,27/204,(A character with cost 4 or more can to sing this song for free.),What a wonderful phrase!,The First Chapter,Common,Juan Diego Leon,August 18th 2023
Ariel,Whoseit Collector,Character,"Storyborn, Hero, Princess",Sapphire,4,No,3,3,Ready,1,137/204,"LOOK AT THIS STUFF Whenever you play an item, you may ready this character.","""You want thingamabobs? I got twenty.""",The First Chapter,Rare,Hedvig Häggman-Sund,August 18th 2023
Tinker Bell,Giant Fairy,Character,"Floodborn, Ally, Fairy",Steel,6,Yes,4,5,Damage Shift,2,193/204,Shift 4 (You may pay 4 to play this on top of one of your characters named Tinker Bell.),NA,The First Chapter,Super Rare,Cookie,August 18th 2023
Stitch,Carefree Surfer,Character,"Dreamborn, Alien, Hero",Amber,7,Yes,4,8,Draw,2,21/204,"OHANA When you play this character, if you have 2 or more other characters in play, you may draw 2 cards.","""So you're from outer space, huh? I hear the surfing's choice."" - David",The First Chapter,Legendary,Marcel Berg,August 18th 2023
The Queen,Wicked and Vain,Character,"Storyborn, Queen, Villain",Amethyst,5,Yes,4,5,Draw,1,56/204,I SUMMON THEE – Draw a card.,Sublime beauty matched with peerless cunning. Is there any question who is fairest?,The First Chapter,Super Rare,Matthew Robert Davies,August 18th 2023
Mickey Mouse,Detective,Character,"Dreamborn, Detective, Hero",Sapphire,3,No,1,3,Ramp,1,154/204,"GET A CLUE When you play this character, you may put the top card of your deck into your inkwell facedown and exerted.","Wherever the seaweed had come from, Mickey was sure of one thing: something fishy was going on.",The First Chapter,Common,Jared Nickerl,August 18th 2023
Elsa,Queen Regent,Character,"Storyborn, Hero, Queen, Sorcerer",Amethyst,4,Yes,4,4,None,1,40/204,NA,"""I never knew what I was capable of.""",The First Chapter,Common,Duyen Nguyen / Aubrey Archer,August 18th 2023
Elsa,Spirit of Winter,Character,"Floodborn, Hero, Queen, Sorcerer",Amethyst,8,No,4,6,Exert Shift,3,42/204,Shift 6 (You may pay 6 to play this on top of one of your characters named Elsa.),Ice is stronger than you may think,The First Chapter,Legendary,Matthew Robert Davies,August 18th 2023
Scar,Fiery Usurper,Character,"Dreamborn, Villain",Ruby,4,Yes,5,3,None,1,122/204,NA,Consumed by the flames of ambition.,The First Chapter,Common,Amber Kommavongsa,August 18th 2023
Mickey Mouse,Steamboat Pilot,Character,"Storyborn, Captain, Hero",Emerald,3,Yes,3,4,None,1,89/204,NA,"On rivers throughout the Inklands, the little steamboat's whistle answers the cheery tunes of its pilot.",The First Chapter,Common,Juan Diego Leon,August 18th 2023
Yzma,Alchemist,Character,"Dreamborn, Sorcerer, Villain",Amethyst,2,Yes,2,2,Scry,1,10/P1,"YOU’RE EXCUSED Whenever this character quests, look at the top card of your deck. Put it on either the top or the bottom of your deck.","""When I want your opinion, I will give it to you!""",Lorcana League Promo,Promo,Hadjie Joos,August 18th 2023
Mickey Mouse,Detective,Character,"Dreamborn, Detective, Hero",Sapphire,3,No,1,3,Ramp,1,8/P1,"GET A CLUE When you play this character, you may put the top card of your deck into your inkwell facedown and exerted.","Wherever the seaweed had come from, Mickey was sure of one thing: something fishy was going on.",Lorcana League Promo,Promo,Jared Nickerl,August 18th 2023
HeiHei,Boat Snack,Character,"Storyborn, Ally",Amber,1,Yes,1,2,Support,1,9/P1,"Support (Whenever this character quests, you may add their to chosen character’s this turn.)","""Sometimes, our strengths lie beneath the surface. Far beneath, in some cases...."" - Moana",Lorcana League Promo,Promo,Jenna Gray,August 18th 2023
Lantern,NA,Item,Item,Amber,2,No,NA,NA,Reduce Cost,NA,33/204,BIRTHDAY LIGHTS – You pay 1 less for the next character you play this turn.,"Lanterns fill the sky on one special night, beacons of hope and love",The First Chapter,Rare,Eri Welli,August 18th 2023
The Beast Is Mine!,NA,Action,Action,Emerald,3,Yes,NA,NA,Reckless,NA,99/204,Chosen character gains Reckless during their next turn. (They can’t quest and must challenge if able.),"""It's only fitting that the finest hunter gets the foulest beat!"" - Gaston",The First Chapter,Uncommon,Matthew Robert Davies,August 18th 2023
Mickey Mouse,Musketeer,Character,"Dreamborn, Hero, Musketeer",Steel,6,Yes,2,7,Bodyguard Support,2,186/204,Bodyguard (This character may enter play exerted. An opposing character who challenges one of your characters must choose one with Bodyguard if able.),NA,The First Chapter,Rare,Jochem Van Gool,August 18th 2023
Be Our Guest,NA,"Action, Song","Action, Song",Amber,2,Yes,NA,NA,Draw Look At Top X,NA,25/204,(A character with cost 2 or more can to sing this song for free.),NA,The First Chapter,Uncommon,R. La Barbera / L. Giammichele,August 18th 2023
Moana,Of Motunui,Character,"Storyborn, Hero, Princess",Amber,5,Yes,1,6,Ready,3,14/204,"WE CAN FIX IT Whenever this character quests, your may ready your other Princess characters. They can’t quest for the rest of this turn.","""I am Moana of Motonui. You will board my boat, sail across the sea, and restore the heart of Te Fiti.""",The First Chapter,Rare,Nicholas Kole,August 18th 2023
Aladdin,Heroic Outlaw,Character,"Floodborn, Hero",Ruby,7,Yes,5,5,Gain Lore Remove Lore Shift,2,104/204,Shift 5 (You may pay 5 to play this on top of one of your characters named Aladdin.),NA,The First Chapter,Super Rare,Nicholas Kole,August 18th 2023
Jafar,Wicked Sorcerer,Character,"Dreamborn, Sorcerer, Villain",Amethyst,4,Yes,2,5,Challenger,1,45/204,"Challenger +3 (While challenging, this character gets +3 .)","""Enough skulking about. It's time to show that sniveling sultan what a sorcerer can do.""",The First Chapter,Common,Jake Parker,August 18th 2023
Friends On The Other Side,NA,"Action, Song","Action, Song",Amethyst,3,Yes,NA,NA,Draw,NA,64/204,(A character with cost 3 or more can to sing this song for free.),"The cards, the cards the cards will tell...",The First Chapter,Common,Amber Kommavongsa,August 18th 2023
Dr. Facilier,Charlatan,Character,"Storyborn, Sorcerer, Villain",Amethyst,2,Yes,NA,4,Challenger,1,38/204,"Challenger +2 (While challenging, this character gets +2 .)","""Enchantée. A tip of the hat from Dr. Facilier.""",The First Chapter,Common,Grace Tran,August 18th 2023
Ariel,On Human Legs,Character,"Storyborn, Hero, Princess",Amber,4,Yes,3,4,Unknown,2,1/204,VOICELESS This character can’t to sing songs.,"""...""",The First Chapter,Uncommon,Matthew Robert Davies,August 18th 2023
Maximus,Relentless Pursuer,Character,"Dreamborn, Ally",Amber,3,Yes,3,3,Reduce Strength,1,11/204,"HORSE KICK When you play this character, chosen character gets -2 this turn.","He pursues his quarry with courage, discipline, and a touch of class.",The First Chapter,Uncommon,Kendall Hale,August 18th 2023
Yzma,Alchemist,Character,"Dreamborn, Sorcerer, Villain",Amethyst,2,Yes,2,2,Scry,1,60/204,"YOU’RE EXCUSED Whenever this character quests, look at the top card of your deck. Put it on either the top or the bottom of your deck.","""When I want your opinion, I will give it to you!""",The First Chapter,Common,Hadjie Joos,August 18th 2023
Beast,Hardheaded,Character,"Storyborn, Hero, Prince",Steel,5,Yes,4,4,Banish,2,172/204,"BREAK When you play this character, you may banish chosen item.","""She’ll never see me as anything...but a monster.""",The First Chapter,Uncommon,Cookie,August 18th 2023
Stitch,New Dog,Character,"Storyborn, Alien, Hero",Amber,1,Yes,2,2,None,1,22/204,NA,"Lilo: ""David! I got a new dog!"" David: ""Auwe!... You sure it's a dog?"" Lilo: ""Uh-huh. He used to be a collie before he got ran over.""",The First Chapter,Common,Alex Accorsi,August 18th 2023
Smash,NA,Action,Action,Steel,3,Yes,NA,NA,Damage,NA,200/204,Deal 3 damage to chosen character.,"""Go away!""",The First Chapter,Uncommon,Simangaliso Sibaya,August 18th 2023
Simba,Returned King,Character,"Storyborn, Hero, King",Steel,7,Yes,4,6,Challenger Evasive,2,189/204,"Challenger +4 (While challenging, this character gets +4 .)","""I'll do whatever it takes to save my kingdom.""",The First Chapter,Rare,Nicholas Kole,August 18th 2023
Prince Eric,Dashing and Brave,Character,"Storyborn, Hero, Prince",Steel,2,Yes,1,3,Challenger,1,187/204,"Challenger +2 (While challenging, this character gets +2 .)","""I lost her once! I'm not gonna lose her again!""",The First Chapter,Common,Cristian Romero,August 18th 2023
Pascal,Rapunzel's Companion,Character,"Storyborn, Ally",Amethyst,1,Yes,1,1,Evasive,1,53/204,"CAMOUFLAGE While you have another character in play, this character gains Evasive. (Only characters with Evasive can challenge them.)","A true friend is always there for you, whether you can see them or not.",The First Chapter,Uncommon,Brian Weisz,August 18th 2023
Part Of Your World,NA,"Action, Song","Action, Song",Amber,3,No,NA,NA,Return From Discard,NA,30/204,(A character with cost 3 or more can to sing this song for free.),What would I give If I could live out of these waters?,The First Chapter,Rare,Samanta Erdini,August 18th 2023
Minnie Mouse,Beloved Princess,Character,"Dreamborn, Princess",Amber,2,Yes,2,3,None,1,13/204,NA,"Wherever the princess goes, her musketeers are... well, they're around somewhere, probably.",The First Chapter,Common,Kendall Hale,August 18th 2023
Mickey Mouse,True Friend,Character,"Storyborn, Hero",Amber,3,Yes,3,3,None,2,12/204,NA,"As long as he's around, newcomers to the Great Illuminary will always get a warm welcome.",The First Chapter,Uncommon,Dave Beauchene,August 18th 2023
Maleficent,Sorceress,Character,"Storyborn, Sorcerer, Villain",Amethyst,3,Yes,2,2,Draw,1,49/204,"CAST MY SPELL! When you play this character, you may draw a card.","""You dare challenge me? Fool, my magic is more powerful than you could possibly imagine!""",The First Chapter,Common,Valerio Buonfantino,August 18th 2023
Maleficent,Sinister Visitor,Character,"Storyborn, Sorcerer, Villain",Sapphire,4,Yes,3,4,None,2,150/204,NA,"""The princess shall indeed grow in grace and beauty, beloved by all who know her. But before the sun sets on her sixteenth birthday, she shall prick her finger on the spindle of a spinning wheel....""",The First Chapter,Common,Nicholas Kole,August 18th 2023
Maleficent,Biding Her Time,Character,"Dreamborn, Sorcerer, Villain",Amethyst,1,No,1,1,None,2,48/204,NA,"""One mustn't rush these things, or the greatest plan might come to nothing.""",The First Chapter,Rare,Grace Tran,August 18th 2023
Magic Broom,Bucket Brigade,Character,"Dreamborn, Broom",Amethyst,2,Yes,2,2,Return From Discard,1,47/204,"SWEEP When you play this character, you may shuffle a card from any discard into its player’s deck.","In the immense story-forge known as the Great Illuminary, there is always work to be done.",The First Chapter,Common,Dav Augereau / Giulia Riva,August 18th 2023
Jasmine,Disguised,Character,"Storyborn, Princess",Sapphire,3,Yes,3,3,None,2,148/204,NA,"""Try to understand. I’ve never done a thing on my own. I’ve never had any real friends.... I’ve never even been outside the palace walls.""",The First Chapter,Common,R. La Barbera / L. Giammichele,August 18th 2023
Hercules,True Hero,Character,"Dreamborn, Hero, Prince",Steel,3,Yes,3,3,Bodyguard,1,181/204,Bodyguard (This character may enter play exerted. An opposing character who challenges one of your characters must choose one with Bodyguard if able.),"""You gotta admit, that was pretty heroic.""",The First Chapter,Common,Marcel Berg,August 18th 2023
HeiHei,Boat Snack,Character,"Storyborn, Ally",Amber,1,Yes,1,2,Support,1,7/204,"Support (Whenever this character quests, you may add their to chosen character’s this turn.)","""Sometimes, our strengths lie beneath the surface. Far beneath, in some cases...."" - Moana",The First Chapter,Common,Jenna Gray,August 18th 2023
Hades,Lord of the Underworld,Character,"Storyborn, Deity, Villain",Amber,4,No,3,2,Return From Discard,1,6/204,"WELL OF SOULS When you play this character, return a character card from your discard to your hand.","""Production is up, costs are down, the rivers are full. Time to talk expansion.""",The First Chapter,Rare,Randy Bishop,August 18th 2023
Flounder,Voice of Reason,Character,"Storyborn, Ally",Sapphire,1,Yes,2,2,None,1,145/204,NA,"""Excitement...adventure...danger lurking around every cor- AAAAAGGH!""",The First Chapter,Common,Brian Weisz,August 18th 2023
Fire The Cannons!,NA,Action,Action,Steel,1,No,NA,NA,Damage,NA,197/204,Deal 2 damage to chosen character.,"Captain Hook: ""Double the powder and shorten the fuse!"" Mr. Smee: ""Shorten the powder and double the fuse!""",The First Chapter,Common,Matt Chapman,August 18th 2023
Donald Duck,Boisterous Fowl,Character,Storyborn,Ruby,2,Yes,2,3,None,1,108/204,NA,"""Who you callin' boisterous, buster?""",The First Chapter,Uncommon,Kenneth Anderson,August 18th 2023
Develop Your Brain,NA,Action,Action,Sapphire,1,Yes,NA,NA,Draw Look At Top X,NA,161/204,Look at the top 2 cards of your deck. Put one into your hand and the other on the bottom of the deck.,"""Knowledge, wisdom - there's the real power!"" - Merlin",The First Chapter,Common,Pao Yong,August 18th 2023
Goons,Maleficent's Underlings,Character,"Storyborn, Ally",Steel,1,Yes,2,2,None,1,179/204,NA,"They may be useless, but they came with the castle.",The First Chapter,Common,Cam Kendell,August 18th 2023
Control Your Temper!,NA,Action,Action,Amber,1,Yes,NA,NA,Reduce Strength,NA,26/204,Chosen character gets -2 this turn.,NA,The First Chapter,Common,Amber Kommavongsa,August 18th 2023
Coconut Basket,NA,Item,Item,Sapphire,2,Yes,NA,NA,Heal,NA,166/204,"CONSIDER THE COCONUT Whenever you play a character, you may remove up to 2 damage from chosen character.","The coconut is a versatile gift from the gods, used to make nearly everything - including baskets to carry more coconuts.",The First Chapter,Uncommon,Milica Celikovic,August 18th 2023
Belle,Inventive Engineer,Character,"Dreamborn, Hero, Inventor, Princess",Sapphire,3,Yes,2,3,Reduce Cost,2,141/204,"TINKER Whenever this character quests, you pay 1 less for the next item you play this turn.",A little ingenuity and a lot of heart will take you far in this world.,The First Chapter,Uncommon,Gabriel Romero / Pix Smith,August 18th 2023
Aurora,Regal Princess,Character,"Storyborn, Hero, Princess",Sapphire,2,Yes,2,2,None,2,140/204,NA,"""They say if you dream a thing more than once, it's sure to come true!""",The First Chapter,Uncommon,Samanta Erdini,August 18th 2023
Aurora,Briar Rose,Character,"Storyborn, Hero, Princess",Sapphire,4,Yes,2,5,Unknown,1,138/204,"BEWILDERING BEAUTY When you play this character, chosen opposing character gets -2 this turn.","""There was something strange about that voice. Too beautiful to be real..."" - Prince Phillip",The First Chapter,Common,Rosalia Radosti,August 18th 2023
Captain Hook,Captain of the Jolly Roger,Character,"Storyborn, Captain, Pirate, Villain",Steel,4,No,3,4,Return To Hand,1,173/204,"DOUBLE THE POWDER! When you play this character, you may return an action card named Fire the Cannons! from your discard to your hand.","""A pretty sight, Mr. Smee. We'll pot 'em like sitting ducks.""",The First Chapter,Rare,Adrianne Gumaya,August 18th 2023
Kristoff,Official Ice Master,Character,"Storyborn, Ally",Steel,3,Yes,3,3,None,2,182/204,NA,"Kristoff: ""You want to talk about a supply and demand problem? I sell ice for a living.""Anna: ""Ooh, that's a rough business to be in right now. I mean, that is really - ah, mm. That's unfortunate.""",The First Chapter,Common,Ron Baird,August 18th 2023
Let It Go,NA,"Action, Song","Action, Song",Sapphire,5,Yes,NA,NA,Ramp,0,163/204,(A character with cost 5 or more can to sing this song for free.) Put chosen character into their player’s inkwell facedown and exerted.,It's time to see what I can do To test the limits and break through,The First Chapter,Rare,Milica Celikovic,August 18th 2023
Frying Pan,NA,Item,Item,Steel,2,Yes,NA,NA,Unknown,0,202/204,CLANG! Banish this item – Chosen character can’t challenge during their next turn.,"It's a fine piece of cookware, but as a weapon it's truly deadly.",The First Chapter,Uncommon,Kamil Murzyn,August 18th 2023
Lefou,Bumbler,Character,"Storyborn, Ally",Amber,2,Yes,1,2,Reduce Cost,2,8/204,"LOYAL If you have a character named Gaston in play, you pay 1 less to play this character.",You need a good toady to be a proper bad guy.,The First Chapter,Uncommon,Andrey Chumak,August 18th 2023
Goofy,Daredevil,Character,"Dreamborn, Hero",Ruby,5,Yes,3,4,Evasive,2,111/204,Evasive (Only characters with Evasive can challenge this character.),Sometimes you gotta give it the ol' jump and hyuck.,The First Chapter,Common,Kenneth Anderson,August 18th 2023
Just In Time,NA,Action,Action,Amber,3,No,NA,NA,Reduce Cost,0,29/204,You may play a character with cost 5 or less for free.,The best heroes always arrive at the perfect moment - whether they know it or not.,The First Chapter,Rare,Leonardo Giammichele,August 18th 2023
Dinglehopper,NA,Item,Item,Amber,1,Yes,NA,NA,Heal,0,32/204,STRAIGHTEN HAIR – Remove up to 1 damage from chosen character.,Enjoy the finest of human hairstyles!,The First Chapter,Common,Eri Welli,August 18th 2023
Maurice,World-Famous Inventor,Character,"Dreamborn, Inventor, Mentor",Sapphire,6,Yes,2,7,Draw Reduce Cost,2,152/204,"GIVE IT A TRY Whenever this character quests, you pay 2 less for the next item you play this turn.",NA,The First Chapter,Rare,Alex Accorsi,August 18th 2023
Cheshire Cat,Not All There,Character,Storyborn,Emerald,3,Yes,NA,3,Banish,2,71/204,"LOSE SOMETHING? When this character is challenged and banished, banish the challenging character.","""You may have noticed that I'm not all there myself.""",The First Chapter,Uncommon,Caner Soylu,August 18th 2023
Mickey Mouse,Wayward Sorcerer,Character,"Dreamborn, Sorcerer",Amethyst,4,Yes,3,4,Reduce Cost Return To Hand,2,51/204,ANIMATE BROOM You pay 1 less to play Broom characters.,He always goes for the clean sweep.,The First Chapter,Super Rare,Nicholas Kole,August 18th 2023
One Jump Ahead,NA,"Action, Song","Action, Song",Sapphire,2,No,NA,NA,Ramp,0,164/204,(A character with cost 2 or more can to sing this song for free.),"Gotta eat to live, gotta steal to eat - Tell you about it when I got the time",The First Chapter,Uncommon,Bill Robinson,August 18th 2023
Lady Tremaine,Wicked Stepmother,Character,"Dreamborn, Villain",Emerald,6,No,1,5,Return From Discard,1,85/204,"DO IT AGAIN! When you play this character, you may return an action card from your discard to your hand.","""If your chores are done, then clearly you don't have enough of them.""",The First Chapter,Rare,Leonardo Giammichele,August 18th 2023
Maleficent,Monstrous Dragon,Character,"Storyborn, Dragon, Villain",Ruby,9,Yes,7,5,Banish,2,113/204,"DRAGON FIRE When you play this character, you may banish chosen opposing character.","The ninth Rule of Villainy: When all else fails, turn into a dragon.",The First Chapter,Legendary,Luis Huerta,August 18th 2023
Cruella De Vil,Miserable as Usual,Character,"Storyborn, Villain",Emerald,2,Yes,1,3,Return To Hand,1,72/204,"YOU’LL BE SORRY! When this character is challenged and banished, you may return chosen character to their player’s hand.","When she stops by, misery is company.",The First Chapter,Rare,Nicholas Kole,August 18th 2023
Robin Hood,Unrivaled Archer,Character,"Storyborn, Hero",Sapphire,6,Yes,4,4,Draw Evasive,2,157/204,"FEED THE POOR When you play this character, if an opponent has more cards in their hand than you, draw a card.","""We never rob. We just sort of borrow a bit from those who can afford it.""",The First Chapter,Super Rare,John Loren,August 18th 2023
Stitch,Rock Star,Character,"Floodborn, Alien, Hero",Amber,6,Yes,3,5,Draw Shift,3,23/204,Shift 4 (You may pay 4 to play this on top of one of your Stitch characters.),The best part about a beachside concert is that there's always room for one more.,The First Chapter,Super Rare,Simangaliso Sibaya,August 18th 2023
Captain Hook,Forceful Duelist,Character,"Dreamborn, Captain, Pirate, Villain",Steel,1,Yes,1,2,Challenger,1,174/204,"Challenger +2 (While challenging, this character gets +2 .)",He loves to make light of a foe's predicament.,The First Chapter,Common,Marcel Berg,August 18th 2023
Gantu,Federation Captain,Character,"Storyborn, Alien, Captain",Steel,8,Yes,6,6,Unknown,2,178/204,UNDER ARREST Characters with cost 2 or less can’t challenge your characters.,"""Relax, enjoy the trip... and don't get any ideas!""",The First Chapter,Legendary,Luis Huerta,August 18th 2023
Tigger,Wonderful Thing,Character,"Storyborn, Tigger",Ruby,6,Yes,4,4,Evasive,2,127/204,Evasive (Only characters with Evasive can challenge this character.),"""I'm the bounciest bouncer that ever bounced!""",The First Chapter,Uncommon,Kenneth Anderson,August 18th 2023
The Wardrobe,Belle's Confidant,Character,"Dreamborn, Ally",Amethyst,3,Yes,3,4,None,1,57/204,NA,When you simply must have the hautest couture.,The First Chapter,Common,Giulia Riva,August 18th 2023
Healing Glow,NA,Action,Action,Amber,1,Yes,NA,NA,Heal,NA,28/204,Remove up to 2 damage from chosen character.,"""Don't freak out!"" - Rapunzel",The First Chapter,Common,Philipp Kruse,August 18th 2023
Magic Mirror,NA,Item,Item,Amethyst,2,No,NA,NA,Draw,NA,66/204,"SPEAK! , 4 – Draw a card.","""What wouldst thou know, my Queen?""",The First Chapter,Rare,Andrew Trabbold,August 18th 2023
White Rabbit's Pocket Watch,NA,Item,Item,Amethyst,3,Yes,NA,NA,Rush,NA,68/204,"I’M LATE , 1 – Chosen character gains Rush this turn. (They can challenge the turn they’re played.)","""No wonder you're late. Why, this watch is exactly two days slow."" - The Mad Hatter",The First Chapter,Rare,Kamil Murzyn,August 18th 2023
Scar,Mastermind,Character,"Storyborn, Villain",Sapphire,6,Yes,5,4,Unknown,2,158/204,"INSIDIOUS PLOT When you play this character, chosen opposing character gets -5 this turn.","""The best plans involve a little danger. Just not for me.""",The First Chapter,Rare,Bill Robinson,August 18th 2023
Hades,King of Olympus,Character,"Floodborn, Deity, King, Villain",Amber,8,No,6,7,Gain Lore Shift,1,5/204,Shift 6 (You may pay 6 to play this on top of one of your characters named Hades.),"""Oh hey, I'm gonna need new business cards.""",The First Chapter,Rare,Alex Accorsi,August 18th 2023
Mulan,Imperial Soldier,Character,"Storyborn, Hero, Princess",Ruby,5,Yes,4,5,Unknown,1,118/204,"LEAD BY EXAMPLE During your turn, whenever this character banishes another character in a challenge, your other characters get +1 this turn.",NA,The First Chapter,Super Rare,Mel Milton,August 18th 2023
Elsa,Snow Queen,Character,"Dreamborn, Hero, Queen, Sorcerer",Amethyst,3,Yes,2,3,Exert,1,41/204,FREEZE – Exert chosen opposing character.,"Recreated by magical ink, Elsa found herself in an entirely new world. Fortunately, ice works the same way everywhere.",The First Chapter,Uncommon,Nicholas Kale,August 18th 2023
Mickey Mouse,Brave Little Tailor,Character,"Dreamborn, Hero",Ruby,8,Yes,5,5,Evasive,4,115/204,Evasive (Only characters with Evasive can challenge this character.),"When defeat looms and victory hands by a thread, a hero bolts to the rescue, patching things up through shear determination.",The First Chapter,Legendary,Nicholas Kole,August 18th 2023
Aurora,Dreaming Guardian,Character,"Floodborn, Hero, Princess",Sapphire,5,Yes,3,5,Shift Ward,2,139/204,Shift 3 (You may pay 3 ink to play this on top of one of your characters named Aurora.),"As the princess slumbered, her power awoke.",The First Chapter,Super Rare,Nicholas Kole,August 18th 2023
Aladdin,Prince Ali,Character,"Storyborn, Hero, Prince",Emerald,2,Yes,2,2,Ward,1,69/204,Ward (Opponents can’t choose this character except to challenge.),Fabulously wealthy. Practically untouchable. Genuinely inauthentic.,The First Chapter,Common,Lauren Walsh,August 18th 2023
Jumba Jookiba,Renegade Scientist,Character,"Dreamborn, Alien, Inventor",Emerald,5,Yes,4,5,None,2,83/204,NA,"""Created something? Ha! But that would be irresponsible and unethical. I would never, ever... make more than one.""",The First Chapter,Uncommon,Milica Celikovic,August 18th 2023
Olaf,Friendly Snowman,Character,"Storyborn, Ally",Amethyst,1,Yes,1,3,None,1,52/204,NA,"""I'm Olaf and I like warm hugs!""",The First Chapter,Uncommon,Giulia Riva,August 18th 2023
Tinker Bell,Tiny Tactician,Character,"Dreamborn, Ally, Fairy",Steel,3,Yes,2,4,Draw,1,194/204,"Freeze – Draw a card, then choose and discard a card.",Sometimes all you need is a little tactical genius,The First Chapter,Common,Grace Tran,August 18th 2023
Dragon Fire,NA,Action,Action,Ruby,5,No,NA,NA,Banish,0,130/204,Banish chosen character.,Rare is the hero who can withstand a dragon's wrath.,The First Chapter,Uncommon,Luis Huerta,August 18th 2023
Captain Hook,Forceful Duelist,Character,"Dreamborn, Captain, Pirate, Villain",Steel,1,Yes,1,2,Challenger,1,7/P1,"Challenger +2 (When challenging, this character gets +2 .)",He loves to make light of a foe's predicament.,D23 Expo Promo,Promo,Marcel Berg,September 9th 2022
Robin Hood,Unrivaled Archer,Character,"Storyborn, Hero",Sapphire,6,Yes,4,4,Draw Evasive,2,6/P1,"FEED THE POOR When you play this character, if an opponent has more cards in their hand than you, draw a card.","""We never rob. We just sort of borrow a bit from those who can afford it.""",D23 Expo Promo,Promo,John Loren,September 9th 2022
Maleficent,Monstrous Dragon,Character,"Storyborn, Dragon, Villain",Ruby,9,Yes,7,5,Banish,2,5/P1,"DRAGON FIRE When you play this character, you may banish chosen opposing character.","The ninth Rule of Villainy: When all else fails, turn into a dragon.",D23 Expo Promo,Promo,Luis Huerta,September 9th 2022
Cruella De Vil,Miserable As Usual,Character,"Storyborn, Villain",Emerald,2,Yes,1,3,Return To Hand,1,4/P1,"YOU’LL BE SORRY! When this character is challenged and banished, you may return chosen character to their player’s hand.","When she stops by, misery is company",D23 Expo Promo,Promo,Nicholas Kole,September 9th 2022
Elsa,Snow Queen,Character,"Dreamborn, Hero, Queen, Sorcerer",Amethyst,3,Yes,2,3,Exert,1,3/P1,FREEZE – Exert chosen opposing character.,"Recreated by magical ink, Elsa found herself in an unfamiliar new world. Fortunately, ice works the same way everywhere.",D23 Expo Promo,Promo,Nicholas Kole,September 9th 2022
Stitch,Rock Star,Character,"Floodborn, Alien, Hero",Amber,6,Yes,3,5,Draw Shift,3,2/P1,Shift 4 (You may pay 4* to play this on top of one of your Stitch characters.),The best part about a beachside concert is that there's always room for one more.,D23 Expo Promo,Promo,Simangaliso Sibaya,September 9th 2022
Mickey Mouse,Brave Little Tailor,Character,"Dreamborn, Hero",Ruby,8,Yes,5,5,Evasive,4,1/P1,Evasive (Only characters with Evasive can challenge this character.),"When defeat looms and victory hands by a thread, a hero bolts to the rescue, patching things up through shear determination",D23 Expo Promo,Promo,Nicholas Kole,September 9th 2022
Beast's Mirror,NA,Item,Item,Steel,2,Yes,NA,NA,Draw,NA,201/204,"SHOW ME , 3 – If you have no cards in your hand, draw a card.","Ashamed of his monstrous form, the Beast concealed himself inside his castle, with a magic mirror as his only window to the outside world.",The First Chapter,Common,Samanta Erdini,August 18th 2023